,slug,date,price,marketCap,volume24h,twitterFollowers,redditSubscribers,redditAccountsActive48h,avgRedditComments48h,avgRedditPosts48h,developerForks,developerStars,developerSubscribers,pullRequestMerged,pullRequestContributors
0,adshares,2019-12-23,0.0344156380578374,1210057.9551381604,7778.122206353246,2998,343,24.8333333333333,0.182,0.091,4,12,8,625,6
1,airbloc-protocol,2019-12-23,0.0051735082072137,1296313.6599649673,1081191.727737165,1447,127,8.41666666666667,,,7,13,3,13,3
2,aleph,2019-12-23,,,,,,,,,,,,,
3,algorand,2019-12-23,0.2258731816922556,120432452.36279428,53637904.70901854,13693,721,14.416666666666698,,0.091,97,245,30,413,25
4,anj,2019-12-23,,,,,,,,,,,,,
5,ankr,2019-12-23,0.0014142955085658,5658813.0385500565,1103667.7683102875,,,,,,4,10,13,267,15
6,ark,2019-12-23,0.1448772777450197,20664346.10849806,549707.1982285673,62612,21665,2826.4166666666697,8.0,0.455,166,236,29,2383,42
7,augur,2019-12-23,8.793101173472936,97085680.6370826,8628380.937692188,127769,10092,298.83333333333303,1.0,0.455,135,558,99,561,22
8,autonio,2019-12-23,0.0013470172042905,121043.38489989676,6.1627702023026005,4147,,,,,,,,,
9,babb,2019-12-23,0.0002396718125305,7963595.956874273,158086.25104014348,11137,1545,12.5,0.273,,,,,,
10,bancor,2019-12-23,0.2225431579744889,15554709.52502015,12086406.382515818,761,5063,183.583333333333,,0.091,225,572,68,226,13
11,bibox-token,2019-12-23,0.0892093558922062,10187331.667153455,1804827.388536832,22845,1327,88.9166666666667,,0.091,3,20,9,,
12,binancecoin,2019-12-23,13.603275575206876,2088116795.771428,177239685.25572574,1081660,58200,403.916666666667,6.545,1.091,1623,2554,385,24,17
13,bitcoin,2019-12-23,7300.34693530511,132766262579.09483,31015776262.21867,68337,1235656,4584.25,336.909,6.909,24880,41773,3500,7088,629
14,bitcoin-diamond,2019-12-23,0.3096239039860615,58348740.35664215,1984046.234485269,23070,,,,,55,95,31,44,10
15,bitcoin-gold,2019-12-23,5.376785026802219,94200012.05330844,13531072.41555672,74637,,,,,315,556,148,96,26
16,bittorrent-2,2019-12-23,0.0002865995503983,61026485.28256713,81552333.95375006,94079,3369,83.25,0.273,0.091,,,,,
17,blockstack,2019-12-23,0.0942215486646782,44084673.062256455,498344.56243097153,34956,,,,,210,1873,188,108,20
18,blox,2019-12-23,0.0070580275317622,4774687.170622017,121834.67543349131,19325,295,23.25,,,,3,2,,
19,btse-token,2019-12-23,,,,,,,,,,,,,
20,cache-gold,2019-12-23,,,,,,,,,,,,,
21,cap,2019-12-23,,,,,,,,,,,,,
22,cardano,2019-12-23,0.03396737105303,1060794465.037696,79167959.06649704,155172,76002,793.166666666667,49.0,2.636,581,3351,412,1698,80
23,cartesi,2019-12-23,,,,,,,,,,,,,
24,cashbet-coin,2019-12-23,0.0085683713735765,1479239.593204199,172.39436220372158,1355,,,,,,,,,
25,celsius-degree-token,2019-12-23,0.1440332413094138,41078555.38392069,38235.119074051545,27345,3608,8.75,1.636,0.091,,,,,
26,chiliz,2019-12-23,0.0069184534222522,26251886.64323609,1795311.6794914312,16312,,,,,,,,,
27,chronobank,2019-12-23,1.403387267241433,1000474.0422874492,23790.789262778304,16047,3279,21.1666666666667,0.091,0.182,,,,,
28,civic,2019-12-23,0.0193684759916563,13026613.473354938,6097743.1583986925,87090,8110,2458.25,,,,,,,
29,coinvest,2019-12-23,,,,,,,,,,,,,
30,compound-wrapped-btc,2019-12-23,,,,,,,,,,,,,
31,constellation-labs,2019-12-23,0.0096766915150976,11754427.387511237,1095155.6715190508,17031,700,13.416666666666698,0.091,0.091,20,55,23,361,12
32,cream-2,2019-12-23,,,,,,,,,,,,,
33,crypterium,2019-12-23,0.3684049894963872,31221376.96305477,101489.27134329354,20078,,,,,,,,,
34,crypto-com-chain,2019-12-23,0.034393843065755,439059086.3960629,14509882.169446789,92147,4596,153.5,8.091000000000001,0.545,,,,,
35,cvcoin,2019-12-23,0.034489746987798,518263.1476094721,58991.14183016383,5954,77,3.25,,,,,,,
36,dacc,2019-12-23,1.001473103129223e-05,123073.09275268926,4956.553882830347,16269,,,,,,,,,
37,daex,2019-12-23,0.0024262721791519,858410.0043944659,336788.11174676503,8198,5819,5.5,,,,,,,
38,dash,2019-12-23,43.82060220836618,405742362.0511328,254287340.3849032,315683,33136,297.75,5.545,0.636,1030,1228,218,2388,72
39,degenerator,2019-12-23,,,,,,,,,,,,,
40,dent,2019-12-23,0.0001648796441631,12925700.428459777,221099.14319723388,45911,709,9.41666666666667,0.091,,,,,,
41,dero,2019-12-23,0.301212569236542,2737915.0688714217,649424.6219798931,4086,815,12.416666666666698,,,14,36,14,,
42,digitex-futures-exchange,2019-12-23,0.0389501041756341,32899608.87202939,997366.0896644735,65380,1873,30.8333333333333,,,,,,,
43,dos-network,2019-12-23,0.0036960426558891,476873.0631494022,10111.247372405212,4901,5050,5.41666666666667,,,,,,,
44,duckdaodime,2019-12-23,,,,,,,,,,,,,
45,dxdao,2019-12-23,,,,,,,,,,,,,
46,egretia,2019-12-23,0.0014300871232698,5587486.483150406,2817948.322446832,40908,1051,17.3333333333333,,0.091,,1,1,,
47,elrond-erd-2,2019-12-23,,,,,,,,,,,,,
48,elysia,2019-12-23,,,,,,,,,,,,,
49,elysian,2019-12-23,0.0007084531269327,81596.27911735298,1518285.5025348088,3128,,,,,7,4,5,,
50,emercoin,2019-12-23,0.0820065933511153,3690005.8852108745,11360.893634456585,3447,2182,92.8333333333333,,,36,104,34,30,14
51,enigma,2019-12-23,0.3802342423111733,30208406.389792603,1899414.5951926648,61318,3579,36.7692307692308,,,,,,,
52,eosforce,2019-12-23,0.0037089564846729,1041000.37807816,64925.754616164406,2283,,,,,29,93,9,27,3
53,ergo,2019-12-23,0.4804457607541429,381338.5985659025,119846.33549896386,1801,,,,,34,84,19,506,20
54,essentia,2019-12-23,0.000355158345583,299597.8849802296,9424.522838122091,13254,6559,14.916666666666698,,,,,,,
55,ethart,2019-12-23,,,,,,,,,,,,,
56,ether-1,2019-12-23,0.0050520709026859,206484.4276210492,5499.762125509085,2230,137,13.25,,,18,19,8,12,4
57,ethereum,2019-12-23,133.70264861844186,14613194775.854176,9655245099.720837,448700,449118,1166.66666666667,32.909,2.0,9122,25185,2013,2770,401
58,ethereum-classic,2019-12-23,4.558635941736443,531654214.1480568,886120421.8728489,228806,24971,447.5,0.727,0.273,,,,,
59,ethos,2019-12-23,0.027801077263805,3900469.647764177,10418112.251618136,9179,4,3.5833333333333304,,,,,,,
60,evedo,2019-12-23,0.0059756207697859,65159.58317630176,136477.92997566526,355,,,,,,,,,
61,experience-chain,2019-12-23,6.611584745064362e-06,765033.7289710491,71597.36430218341,2255,183,6.25,,,,,,,
62,fantom,2019-12-23,0.0103427253183792,21688820.30675508,3074248.3415766936,20478,2252,38.0,0.091,0.091,28,53,18,298,18
63,fedoracoin,2019-12-23,9.402136859479792e-07,497856.0386210332,120.5646135506405,379,1375,6.0,,,19,12,15,4,4
64,ferrum-network,2019-12-23,0.0083982616356282,917507.5119270828,412012.0459218225,6261,824,6.27272727272727,2.6,0.2,,,,,
65,fetch-ai,2019-12-23,0.0389302304652089,13291631.886896858,6489569.323169574,16350,340,8.91666666666667,,,,,,,
66,filecoin,2019-12-23,,,,,,,,,,,,,
67,force-protocol,2019-12-23,0.0178792924129751,4420412.264076082,1832312.4198748968,1421,,,,,,,,,
68,ftx-token,2019-12-23,2.2005695894098007,63520024.76865886,5618402.264280052,5241,,,,,,,,,
69,funfair,2019-12-23,0.0033343345404988,19949847.598268468,365144.1254846127,35298,17165,2499.9166666666697,0.091,,,,,,
70,gambit,2019-12-23,,,,,,,,,,,,,
71,gemini-dollar,2019-12-23,1.023498610513744,3838345.094130128,10990914.022427168,183,,,,,18,40,11,,
72,ghost-by-mcafee,2019-12-23,,,,,,,,,,,,,
73,gnosis,2019-12-23,10.994404339176173,12148498.474269155,57522.49450690641,71572,2159,2054.9166666666697,,0.091,20,61,10,111,9
74,golem,2019-12-23,0.0283063528799155,27743741.67460099,11917304.612455014,148491,20275,232.333333333333,0.364,0.091,306,2840,265,2504,49
75,gulden,2019-12-23,0.0061961632706048,3112088.0299837,3233.6604872304183,9477,935,104.416666666667,0.727,0.182,,,,,
76,hakka-finance,2019-12-23,,,,,,,,,,,,,
77,happycoin,2019-12-23,,,,,,,,,,,,,
78,harmony,2019-12-23,0.0048019460406049,17892660.441928208,10112423.45536374,71329,,,,,78,252,37,1341,32
79,havven,2019-12-23,1.1612367382390736,105639814.18449612,1619361.7823963312,14406,576,36.8333333333333,0.364,,39,111,29,293,15
80,hedera-hashgraph,2019-12-23,0.0103791629652167,20164091.21827738,980792.4171340076,35070,6146,12.333333333333302,1.0,0.091,,,,,
81,helium,2019-12-23,,,,,,,,,,,,,
82,herocoin,2019-12-23,0.0017081310862462,256168.605964891,7663.887925692395,3630,4303,16.9166666666667,,,20,30,10,,
83,hive,2019-12-23,,,,,,,,,,,,,
84,howdoo,2019-12-23,0.006144058939815,1724483.6173420325,97867.09439532594,10894,838,32.9166666666667,,,2,,1,,
85,hxro,2019-12-23,0.0461472202796676,3940331.288373408,7152.654476310781,9472,,,,,,,,,
86,iexec-rlc,2019-12-23,0.4017305643868864,28464079.51263365,581995.8101630454,27635,3527,160.416666666667,,0.091,18,385,40,43,5
87,ignis,2019-12-23,0.0222159390485649,16917030.58180326,1689606.261991615,24761,9242,2399.9166666666697,,,,,,,
88,iotex,2019-12-23,0.0033821001371156,14685553.053454813,2279842.877366317,22150,1788,15.166666666666698,0.091,0.091,,,,,
89,iqeon,2019-12-23,0.5663850189032502,1921514.3731333923,18631.3914365992,2776,224,22.0833333333333,,0.091,,,,,
90,jarvis-reward-token,2019-12-23,,,,,,,,,,,,,
91,jupiter,2019-12-23,,,,,,,,,,,,,
92,kambria,2019-12-23,0.0007171655426563,783782.9274666413,62082.48343421152,12056,,,,,,1,1,,
93,kardiachain,2019-12-23,,,,,,,,,,,,,
94,kryll,2019-12-23,0.0460539515633261,622781.4592186494,618.0629408609117,7031,195,6.83333333333333,,,1,3,2,,
95,lamden,2019-12-23,0.0184161178603412,2939364.1432710057,24473.20135445545,10213,2047,14.166666666666698,,,,,,,
96,libra-credit,2019-12-23,0.0200152306902462,13059592.94119162,832422.1143729037,15512,9237,7.83333333333333,,,1,2,10,4,2
97,livepeer,2019-12-23,1.304176574218458,8306320.347608614,15833.59751211324,4190,398,23.0833333333333,,,40,84,14,150,27
98,lobstex-coin,2019-12-23,0.0198403084555128,357716.85608124937,97581.2366897948,1976,20,7.66666666666667,,,10,8,5,8,2
99,loopring,2019-12-23,0.0221968637389154,21361611.299392488,1396221.1887565928,33801,6827,2247.5,0.273,0.364,32,64,26,603,19
100,lympo,2019-12-23,0.0025173489777699,1937546.734669445,12755.364307070096,8053,,,,,,,,,
101,math,2019-12-23,,,,,,,,,,,,,
102,matic-network,2019-12-23,0.0151129698513697,38504502.59961709,14853329.299955895,28266,1404,30.4166666666667,0.364,0.364,25,65,22,91,10
103,matryx,2019-12-23,0.017840567262294,414122.46008100425,24224.486212939093,1765,131,11.25,,,,3,6,,
104,measurable-data-token,2019-12-23,0.0076203096632606,4335125.763426758,7287743.26389599,5051,49,12.166666666666698,,,,,,,
105,medibloc,2019-12-23,0.0031993549825879,9490515.750604702,75954.62030087257,8219,1080,67.5,,,10,7,5,,
106,melon,2019-12-23,3.069167308140186,2687740.8510559285,36142.99864285004,16471,1451,2795.6666666666697,,0.091,,,,,
107,merculet,2019-12-23,0.0001000124548122,469909.0135099474,63131.32987638781,32414,628,10.6666666666667,,,,4,3,,
108,monacoin,2019-12-23,0.7674351364338194,55960347.10485339,698961.3000231354,1973,2656,2498.0833333333303,0.182,0.091,86,288,83,13,12
109,multivac,2019-12-23,0.0005473623984477,1195463.8125342175,104523.33435422005,8834,,,,,,,,,
110,nexo,2019-12-23,0.1071806775107584,60036725.33782067,11281305.34258415,47297,3010,103.5,3.091,0.273,24,33,15,,
111,nkn,2019-12-23,0.0181649902478565,11818999.46481154,3137956.574838296,12129,1004,15.75,,,23,55,10,63,6
112,noia-network,2019-12-23,0.0032489602647431,433645.7373890772,11987.239096898438,12350,3285,9.66666666666667,0.182,0.091,,,,,
113,numeraire,2019-12-23,6.619449454902294,29638056.720807195,448917.6985355951,17280,1597,34.9166666666667,,,55,294,51,24,5
114,ocean-protocol,2019-12-23,0.036666504627153,12579029.641063608,11266725.03805131,16015,591,5.0,,,13,148,27,8,5
115,oceanex-token,2019-12-23,0.0019724660619115,6924751.353321775,1917180.8795024096,20431,,,,,,,,,
116,odyssey,2019-12-23,0.0003966276008102,3962738.6900341017,198648.94425147105,79815,,,,,,,,,
117,offshift,2019-12-23,,,,,,,,,,,,,
118,oin-finance,2019-12-23,,,,,,,,,,,,,
119,okb,2019-12-23,2.6394075096932927,755122172.5505755,60587150.90387216,,,,,,,,,,
120,omisego,2019-12-23,0.6254299890785866,87664316.2047782,66207452.6048625,284141,42679,274.66666666666697,8.455,0.091,,,,,
121,openanx,2019-12-23,0.0520744126396631,2721228.3768634684,288064.8199789129,12116,,,,,17,30,19,1,1
122,origintrail,2019-12-23,0.0108112682581037,3124544.367688689,77508.46548671553,14545,6813,19.5833333333333,,,20,89,25,961,20
123,parachute,2019-12-23,0.0002901745484157,124256.67113411098,723.7487775136332,1648,964,9.846153846153848,,,,,,,
124,pibble,2019-12-23,0.0001116216740361,850876.2737293278,359.7584927895007,7229,24,2.75,,,,,,,
125,pirate-chain,2019-12-23,0.0261578389816484,3647091.268241495,232268.3329550673,3911,353,13.5,,,3,1,,2,2
126,pluton,2019-12-23,0.8115027926341184,690917.1922388468,1947.1402809377728,,40,2.6666666666666696,,,,,,,
127,polkadot,2019-12-23,,,,,,,,,,,,,
128,presearch,2019-12-23,0.0040962784116876,392672.7965521373,4163.008313163667,42,355,4.08333333333333,,,2,14,10,,
129,propy,2019-12-23,0.0691618329696904,3863694.297146999,21786.52262680876,12202,,,,,,,,,
130,proximax,2019-12-23,0.0012159308084625,7467679.197954413,354852.0464899722,2808,17,2.4166666666666696,,,,,3,1,1
131,pumapay,2019-12-23,0.0001310435051992,3180574.327933755,305134.2384491652,7509,295,10.1666666666667,,,2,6,3,2,2
132,qlink,2019-12-23,0.0125111230135128,3005114.898153129,552023.8105167565,24591,5698,145.25,,,10,33,12,212,6
133,quadrant-protocol,2019-12-23,0.0003078377243693,153528.54118370026,380936.878401837,3199,265,4.91666666666667,,,,,,,
134,quant-network,2019-12-23,3.606819475577432,36002483.52409371,1570792.8030791965,11240,2082,23.0,0.091,,,,,,
135,radium,2019-12-23,0.4351844973382922,1689404.8053701897,582.0656874494621,24402,49,5.91666666666667,,,3,6,6,3,1
136,render-token,2019-12-23,,,,,,,,,,,,,
137,republic-protocol,2019-12-23,0.035280518401327,29933680.14545561,4533863.312999646,10406,870,2383.5,,,2,5,8,2,1
138,reserve,2019-12-23,,,,,,,,,,,,,
139,reserve-rights-token,2019-12-23,0.0014232467840766,9781838.59644114,811380.4913973699,35027,,,,,,2,3,1,1
140,revain,2019-12-23,0.0411614393379196,19944296.655625694,1619869.989779283,7191,284,4.58333333333333,,,14,13,7,,
141,solana,2019-12-23,,,,,,,,,,,,,
142,spacechain-erc-20,2019-12-23,0.0028116856228397,1476625.9263164878,136066.45318428072,4668,95,4.25,,,14,19,10,1,1
143,status,2019-12-23,0.0088787714767924,31602900.59631897,25124229.13774333,110466,5625,2315.5,0.091,0.091,720,2815,182,3330,168
144,streamr-datacoin,2019-12-23,0.0136124846113724,9501573.584922362,503210.4575348203,23403,2998,135.083333333333,0.364,0.091,,,,,
145,sushi,2019-12-23,,,,,,,,,,,,,
146,tenx,2019-12-23,0.0419526602707913,4955307.792002711,510235.2120773299,132911,13070,3235.75,4.091,0.636,,,,,
147,the-abyss,2019-12-23,0.0071725498963545,1715439.1225713154,91336.28557424684,16477,1329,13.5,,,44,92,25,,
148,theta-token,2019-12-23,0.0869540823303107,87166457.89136085,1557136.762629576,,4014,1678.41666666667,,,18,72,15,59,7
149,thorchain,2019-12-23,0.0784720116214101,9716751.38528841,166368.77438291078,6761,1519,6.0,,,8,32,15,31,3
150,tomochain,2019-12-23,0.4292570835235664,29802600.918359283,15092310.928467482,20234,1432,41.4166666666667,,,12,27,10,516,15
151,troy,2019-12-23,0.0064441170458061,7514190.090152677,2009808.952606192,6656,,,,,,,,,
152,true-usd,2019-12-23,0.99963686536387,153093392.92470843,723150168.2054492,12343,,,,,46,121,19,87,5
153,trust-wallet-token,2019-12-23,,,,,,,,,,,,,
154,turtlecoin,2019-12-23,1.9817445949760223e-05,1245941.5735587028,618331.8751537022,4057,2303,24.75,,,625,571,113,653,68
155,u-network,2019-12-23,0.000402344695903,2810760.06812927,82373.75298064269,10678,495,9.0,,,24,189,27,26,5
156,ultra,2019-12-23,0.0501130552053958,6550791.452913286,47726.34214207098,4168,39,1.5,,,,,,,
157,uma,2019-12-23,,,,,,,,,,,,,
158,unibright,2019-12-23,0.0159179846359792,2209520.0249514896,105863.00365512764,5685,517,13.916666666666698,0.091,0.091,,,,,
159,unifi,2019-12-23,,,,,,,,,,,,,
160,unilayer,2019-12-23,,,,,,,,,,,,,
161,uquid-coin,2019-12-23,0.105589012066975,1049508.420829486,1952374.7672170624,159,27,5.08333333333333,,,,,,,
162,vechain,2019-12-23,0.0053088887006134,337757432.8645394,82201584.82659328,117941,60034,391.25,36.909,0.636,144,390,74,221,13
163,verasity,2019-12-23,,,,,,,,,,,,,
164,verge,2019-12-23,0.0034823099296047,55752812.32924396,1186597.0731305855,298898,52186,226.0,,,380,1292,294,252,62
165,vethor-token,2019-12-23,0.0005286900731608,10066808.65462806,1048995.9327047083,117924,60034,395.916666666667,37.091,0.636,144,390,74,221,13
166,vexanium,2019-12-23,0.002655131521762,1868806.061578411,80609.8956524279,4628,,,,,,,,,
167,vitae,2019-12-23,0.6588764890880151,12228288.318771308,14865.557290531257,3291,92,7.83333333333333,,,16,15,7,26,6
168,waves,2019-12-23,0.9551243387141036,95551782.44664982,71614476.4970698,141385,56855,287.08333333333303,1.0,0.727,349,1012,202,2354,49
169,wink,2019-12-23,9.103738201742222e-05,19110294.37089977,6269249.0746895885,21973,1545,11.166666666666698,0.273,,,,,,
170,wownero,2019-12-23,0.0027770846344988,78311.01612044823,7232.474752805938,852,268,2.8333333333333304,,,22,38,18,186,11
171,wrapped-nxm,2019-12-23,,,,,,,,,,,,,
172,xmax,2019-12-23,0.0010563851892724,28517609.965321664,1252516.3587740404,3137,6109,9.25,,0.091,,,,,
173,yearn-finance,2019-12-23,,,,,,,,,,,,,
174,yflink,2019-12-23,,,,,,,,,,,,,
175,zap,2019-12-23,0.0019818038133057,366617.8602223111,10732.525221268324,93,,,,,,,,,
176,zencash,2019-12-23,8.140369326227653,65610829.47856249,1150502.732717687,45825,2915,68.5,1.545,0.364,45,76,32,170,23
177,adshares,2019-12-30,0.0337862078359298,1177161.9393260132,6388.622339712049,3005,343,17.0,,,4,12,8,628,6
178,airbloc-protocol,2019-12-30,0.0064441883041319,1615727.439190539,1180337.3834477295,1446,127,6.3846153846153895,,,7,13,3,13,3
179,aleph,2019-12-30,,,,,,,,,,,,,
180,algorand,2019-12-30,0.2264205729146134,122909055.39754853,48371609.14126848,13805,729,4.46153846153846,,,97,246,30,428,25
181,anj,2019-12-30,,,,,,,,,,,,,
182,ankr,2019-12-30,0.0013381968178216,5318757.476136218,1100893.0963471844,,,,,,4,10,13,267,15
183,ark,2019-12-30,0.1444050509492232,20527612.95801487,569370.208455389,62523,21652,1965.66666666667,1.818,0.636,169,242,33,2389,42
184,augur,2019-12-30,9.29353835238719,101369665.1268813,7628729.190988566,128247,10086,856.0769230769231,0.667,0.1669999999999999,135,558,99,561,22
185,autonio,2019-12-30,,,,,,,,,,,,,
186,babb,2019-12-30,0.000290881121523,9545373.042355197,266163.6807517888,11133,1544,14.6923076923077,,,,,,,
187,bancor,2019-12-30,0.2159639354253414,15185984.077975456,6159471.919667384,758,5057,2113.61538461538,,,227,573,68,227,13
188,bibox-token,2019-12-30,0.0928176841516086,10567668.780270344,1200261.8710608615,22884,1325,2118.46153846154,0.1669999999999999,0.083,3,20,9,,
189,binancecoin,2019-12-30,15.072651262021571,2298403615.725977,205053226.0090087,1083932,58318,852.6923076923081,3.917,0.583,1626,2562,385,24,17
190,bitcoin,2019-12-30,8180.513169803805,146879934259.3087,35777298156.26295,68302,1244690,5191.53846153846,292.41700000000003,6.667000000000001,24932,41857,3504,7101,629
191,bitcoin-diamond,2019-12-30,0.3833852522885051,70503585.99343106,4337262.909617584,24130,,,,,55,95,31,44,10
192,bitcoin-gold,2019-12-30,6.285895921245987,109514887.72838396,16432536.09251015,74635,,,,,315,556,148,96,26
193,bittorrent-2,2019-12-30,0.0002963105367563,62834933.2348135,85415124.44989997,94076,3371,77.9230769230769,,,,,,,
194,blockstack,2019-12-30,0.0912744334180752,42410231.49669313,205420.2189987901,35061,,,,,210,1876,187,108,20
195,blox,2019-12-30,0.0064318763518719,4318777.284807785,168067.59622834722,19326,295,33.4615384615385,,,,3,2,,
196,btse-token,2019-12-30,,,,,,,,,,,,,
197,cache-gold,2019-12-30,,,,,,,,,,,,,
198,cap,2019-12-30,,,,,,,,,,,,,
199,cardano,2019-12-30,0.0370446183882769,1142315528.2269332,89615189.15475553,155109,76106,1888.92307692308,52.333,2.583,584,3356,415,1698,80
200,cartesi,2019-12-30,,,,,,,,,,,,,
201,cashbet-coin,2019-12-30,0.0104224412329174,2157009.603546191,9446.332034499,1349,,,,,,,,,
202,celsius-degree-token,2019-12-30,0.1441586264201026,43988240.998502985,26984.20301605977,27464,3632,10.7692307692308,0.417,,,,,,
203,chiliz,2019-12-30,0.0071471709060779,30899622.77612862,1825600.7691339988,16393,,,,,,,,,
204,chronobank,2019-12-30,1.3947854133258248,995605.6750576803,32782.69282659245,16026,3280,12.5384615384615,,,,,,,
205,circuits-of-value,2019-12-30,0.0007238000524398,716563.5876950616,377.8373957808236,9983,,,,,,,1,,
206,civic,2019-12-30,0.017822947175528,11969241.873278763,2927814.7793273805,86989,8103,2165.07692307692,0.083,,,,,,
207,coinvest,2019-12-30,,,,,,,,,,,,,
208,compound-wrapped-btc,2019-12-30,,,,,,,,,,,,,
209,constellation-labs,2019-12-30,0.0123006109539284,15721335.96926096,1314615.1476986702,17156,711,16.1538461538462,0.5,0.083,20,55,22,364,12
210,cream-2,2019-12-30,,,,,,,,,,,,,
211,crypterium,2019-12-30,0.409795180621822,34572190.49614377,191209.2057799948,20089,,,,,,,,,
212,crypto-com-chain,2019-12-30,0.04029027163188,518854791.9429301,15023212.169308444,92528,4659,119.0,14.417,0.75,,,,,
213,cvcoin,2019-12-30,0.0306564665401643,458627.4485506572,43135.70720268257,5946,77,3.53846153846154,,,,,,,
214,dacc,2019-12-30,8.997838661383394e-06,109891.17826969776,104444.5248368947,16262,,,,,,,,,
215,daex,2019-12-30,0.0026372801853803,939327.7974710852,496448.5243322539,8184,5819,5.923076923076921,,,,,,,
216,dash,2019-12-30,56.69817225060775,519520594.930141,389763603.55602986,315473,33299,790.615384615385,8.917,1.083,1033,1227,218,2400,72
217,degenerator,2019-12-30,,,,,,,,,,,,,
218,dent,2019-12-30,0.0001621991149716,12634512.64150676,181290.4435820515,45845,708,8.23076923076923,,,,,,,
219,dero,2019-12-30,0.3312330148055787,3012757.202787752,954397.8181001045,4087,819,27.0,,,14,36,14,,
220,digitex-futures-exchange,2019-12-30,0.0412966963000007,34999603.5202224,999617.7877044438,65273,1873,18.0769230769231,,,,,,,
221,dos-network,2019-12-30,0.0032027314734398,430799.9277420953,50154.39664682788,4855,5049,5.07692307692308,,,,,,,
222,duckdaodime,2019-12-30,,,,,,,,,,,,,
223,dxdao,2019-12-30,,,,,,,,,,,,,
224,egretia,2019-12-30,0.0014079727199076,5457076.521043567,2438808.134834429,40885,1053,19.692307692307697,,,,1,1,,
225,elrond-erd-2,2019-12-30,,,,,,,,,,,,,
226,elysia,2019-12-30,,,,,,,,,,,,,
227,elysian,2019-12-30,0.0007598486021051,86981.36680603471,2097285.906518815,3125,,,,,7,4,5,,
228,emercoin,2019-12-30,0.0697992420959255,3142660.2488963804,8209.074427083564,3450,2181,967.583333333333,,,36,104,34,30,14
229,enigma,2019-12-30,0.4411329123833319,34944816.924417496,2255733.008635455,61278,3572,22.538461538461497,1.833,0.3329999999999999,,,,,
230,eosforce,2019-12-30,0.0033447825498506,928769.2915380574,107967.8163262833,2289,,,,,29,93,9,27,3
231,ergo,2019-12-30,0.4722788113448929,371460.61103155336,100460.09086477412,1801,,,,,34,84,19,507,20
232,essentia,2019-12-30,0.0003843984127416,329266.9098218806,33583.87075867357,13238,6559,11.3076923076923,,,,,,,
233,ethart,2019-12-30,,,,,,,,,,,,,
234,ether-1,2019-12-30,0.0055655710088353,230112.5127435677,20156.572484908003,2255,137,12.6153846153846,,,17,19,8,12,4
235,ethereum,2019-12-30,144.6047743464792,15647071448.436346,10273370788.312328,449015,449401,1638.23076923077,19.667,3.167,9139,25211,2008,2788,408
236,ethereum-classic,2019-12-30,5.341645000196356,623431755.1986711,1333805522.7691894,228778,24981,456.23076923076894,2.167,1.0,,,,,
237,ethos,2019-12-30,0.0274262447111621,3891902.977200621,2977890.1186152096,9303,4,2.69230769230769,,,,,,,
238,evedo,2019-12-30,0.0048089006648198,52300.620659403714,124759.54122202632,356,,,,,,,,,
239,experience-chain,2019-12-30,6.4146444774254204e-06,743662.018996295,32639.205839516435,2250,183,5.07692307692308,,,,,,,
240,fantom,2019-12-30,0.0103826965571714,21645496.85702658,2721123.0091717904,20546,2260,26.1538461538462,0.583,0.417,28,54,17,300,18
241,fedoracoin,2019-12-30,9.934095102353338e-07,594481.1833935332,113.74941891610816,379,1374,6.76923076923077,,,19,12,15,4,4
242,ferrum-network,2019-12-30,0.0135498341853118,1562397.760228724,445501.2024734335,6384,831,5.307692307692309,7.25,0.3329999999999999,,,,,
243,fetch-ai,2019-12-30,0.0367004598017713,12494530.913742712,4616795.732860922,16323,342,8.615384615384611,,0.083,,,,,
244,filecoin,2019-12-30,,,,,,,,,,,,,
245,force-protocol,2019-12-30,0.0147311237337759,3614642.1434532176,752116.4969791932,1405,,,,,,,,,
246,ftx-token,2019-12-30,2.2305416613215363,63870813.38884249,15095592.302493244,5590,,,,,,,,,
247,funfair,2019-12-30,0.002838477923494,17030391.267146215,351804.3719597472,35242,17143,2038.07692307692,0.083,,,,,,
248,gambit,2019-12-30,,,,,,,,,,,,,
249,gemini-dollar,2019-12-30,1.0052571072930114,4048458.6296292,13840486.049923308,180,,,,,18,40,11,,
250,ghost-by-mcafee,2019-12-30,,,,,,,,,,,,,
251,gnosis,2019-12-30,11.594814896732856,12787881.29933487,71260.71005035647,71548,2157,1527.84615384615,,0.083,20,61,10,111,9
252,golem,2019-12-30,0.0280257669027533,27419532.89882399,5134419.791013657,148417,20258,1330.5,0.091,,306,2844,265,2509,49
253,gulden,2019-12-30,0.0075295464241896,3732359.239854925,1465.9108794900726,9464,934,1324.07692307692,,,,,,,
254,hakka-finance,2019-12-30,,,,,,,,,,,,,
255,happycoin,2019-12-30,,,,,,,,,,,,,
256,harmony,2019-12-30,0.0046476358459735,18317278.48322359,7711856.631779827,71315,,,,,79,255,37,1350,32
257,havven,2019-12-30,0.8817173827229169,79139162.53939542,2114287.766813749,14580,601,65.76923076923079,2.167,0.25,39,112,29,293,15
258,hedera-hashgraph,2019-12-30,0.0106812989406066,20601217.89529873,1794320.2693131296,35079,6133,14.0,7.667000000000001,0.5,,,,,
259,helium,2019-12-30,,,,,,,,,,,,,
260,herocoin,2019-12-30,0.0017874852907186,258427.7027980293,7524.057642954493,3623,4303,16.0,,,20,30,10,,
261,hive,2019-12-30,,,,,,,,,,,,,
262,howdoo,2019-12-30,0.005505558241208,1523591.4606167662,117045.89406964443,10867,840,5.846153846153849,,,2,,1,,
263,hxro,2019-12-30,0.0510895589917297,4300124.863321078,5427.053538922653,9521,,,,,,,,,
264,iexec-rlc,2019-12-30,0.4295576040156355,29917355.863661,267511.56097790354,27614,3527,337.5,0.273,0.091,18,385,40,44,5
265,ignis,2019-12-30,0.0228171402928267,17181559.844824992,1686719.0839240532,24743,9226,2131.0,,0.083,,,,,
266,iotex,2019-12-30,0.0036386740482023,15669485.659596944,1895879.6089619007,22134,1789,2057.07692307692,0.417,0.25,,,,,
267,iqeon,2019-12-30,0.6301697937343962,2719766.146317806,19671.470770174164,2856,321,7.76923076923077,,,,,,,
268,jarvis-reward-token,2019-12-30,,,,,,,,,,,,,
269,kambria,2019-12-30,0.0007862674973299,857698.0082763105,39245.65562609835,12043,,,,,,1,1,,
270,kardiachain,2019-12-30,,,,,,,,,,,,,
271,kryll,2019-12-30,0.0519142989681217,681915.7727588827,1499.9103736014404,7026,195,5.53846153846154,,,1,3,2,,
272,lamden,2019-12-30,0.0155766604203932,2380976.3432884403,22696.776134779648,10191,2045,11.2307692307692,,,,,,,
273,libra-credit,2019-12-30,0.0202548049832947,13071466.139295908,735481.2302687169,15566,9237,21.0,,,1,2,10,4,2
274,livepeer,2019-12-30,1.4868501770127351,9406569.288180508,38587.73175150692,4191,399,4.23076923076923,,,40,84,14,151,27
275,lobstex-coin,2019-12-30,0.0208430807764068,376637.8454356768,19615.81595229496,1963,20,8.153846153846152,,,10,8,5,8,2
276,loopring,2019-12-30,0.023451374519715,22485210.33930737,2202455.8257503505,33860,6833,2106.46153846154,0.417,0.417,32,64,27,615,19
277,lympo,2019-12-30,0.0030599571054014,2355337.4663197887,133214.6237253119,8050,,,,,,,,,
278,math,2019-12-30,,,,,,,,,,,,,
279,matic-network,2019-12-30,0.0148930481307276,37892097.78186625,10134730.179811496,28457,1416,15.7692307692308,2.5,0.1669999999999999,26,66,22,95,10
280,matryx,2019-12-30,0.0169508768903542,389900.3137429192,29426.48076114315,1764,130,12.0,,,,3,6,,
281,measurable-data-token,2019-12-30,0.0083434134881158,4738362.952166971,3408991.373334042,5065,49,12.6923076923077,,,,,,,
282,medibloc,2019-12-30,0.003183971421915,9470129.149061656,62558.591517608,8199,1078,1166.15384615385,,,10,7,5,,
283,melon,2019-12-30,3.468029716974561,3027196.358390686,561334.9717274872,16471,1449,2104.38461538462,,0.083,,,,,
284,merculet,2019-12-30,9.534000678492872e-05,445029.06658534624,62607.66497412468,32380,629,8.07692307692308,,,,4,3,,
285,monacoin,2019-12-30,0.8568111312540662,61834471.31391238,1627578.1154067712,1972,2654,2087.0,0.083,0.083,86,290,84,13,12
286,multivac,2019-12-30,0.000413045115827,974643.9044454292,70084.97872939131,8823,,,,,,,,,
287,nexo,2019-12-30,0.1199087485746887,66373058.58715087,13412790.479545483,47412,3046,29.3076923076923,1.0,0.25,24,33,15,,
288,nkn,2019-12-30,0.0175074895083858,11393249.21622608,1501846.805264131,12134,1003,12.923076923076902,,,23,55,10,64,6
289,noia-network,2019-12-30,0.0033076417308693,450642.9814586857,24895.80813618345,12291,3287,10.6153846153846,0.083,0.083,,,,,
290,numeraire,2019-12-30,7.000564360847893,31149167.423632786,549944.9186138136,17291,1600,46.84615384615379,,,55,294,51,24,5
291,ocean-protocol,2019-12-30,0.0348051645004341,12030254.921685755,9316227.764479231,16077,591,3.61538461538462,,,13,148,26,8,5
292,oceanex-token,2019-12-30,0.0018974133920501,7665097.916653711,5806713.322573602,20366,,,,,,,,,
293,odyssey,2019-12-30,0.0003797350266268,3762253.550524241,241615.97023545875,79736,,,,,,,,,
294,offshift,2019-12-30,,,,,,,,,,,,,
295,oin-finance,2019-12-30,,,,,,,,,,,,,
296,okb,2019-12-30,2.8948249927151326,820847377.5074046,71100525.29172707,,,,,,,,,,
297,omisego,2019-12-30,0.6579725507171839,91533873.45255612,56160187.65692722,283800,42734,671.0,16.167,0.5,,,,,
298,openanx,2019-12-30,0.0507387473170383,2648800.352534604,588428.7482420169,12105,,,,,17,30,19,1,1
299,origintrail,2019-12-30,0.0110375578724872,3156505.7862593224,41594.58823084217,14535,6810,27.461538461538503,,,20,90,25,970,20
300,parachute,2019-12-30,0.0002958996022295,133154.821003315,1686.4799161857618,1661,963,9.76923076923077,,,,,,,
301,pibble,2019-12-30,9.489876027710428e-05,657834.513015556,3221.363978141362,7225,24,1.4166666666666698,,,,,,,
302,pirate-chain,2019-12-30,0.0294662843523698,4101315.868599228,300143.7206236843,4087,358,12.8461538461538,,,4,2,,2,2
303,pluton,2019-12-30,1.4844967084733645,1245269.5238349896,3346.718140226264,1,40,2.53846153846154,,,,,,,
304,polkadot,2019-12-30,,,,,,,,,,,,,
305,presearch,2019-12-30,0.0134554123771075,1402519.7334149342,108463.5873833322,43,358,6.307692307692309,0.1669999999999999,0.083,2,14,10,,
306,propy,2019-12-30,0.0775304427196124,4304273.115148791,90213.42634125256,12174,,,,,,,,,
307,proximax,2019-12-30,0.0011702553014063,7579388.322032792,726229.9571243123,2811,17,3.30769230769231,,,,,3,1,1
308,pumapay,2019-12-30,8.166927183419623e-05,1964091.028495012,211130.4445813346,7500,294,50.3846153846154,,,2,6,3,2,2
309,qlink,2019-12-30,0.011680268998721,2819987.354313163,369462.48793112586,24564,5696,986.0769230769232,,,10,33,12,213,6
310,quadrant-protocol,2019-12-30,0.000368923904751,182103.4223255865,415601.3960266365,3192,265,5.6153846153846105,,,,,,,
311,quant-network,2019-12-30,3.374409134781754,33628215.36067489,1555959.0247785922,11276,2086,19.1538461538462,,,,,,,
312,radium,2019-12-30,0.444250747503461,1743410.9349353188,1541.8326631310545,24641,49,1081.5384615384598,,,3,6,6,3,1
313,render-token,2019-12-30,,,,,,,,,,,,,
314,republic-protocol,2019-12-30,0.0458286066164911,38625870.752092205,5203572.091742217,10472,870,1450.92307692308,,0.083,2,5,9,2,1
315,reserve,2019-12-30,,,,,,,,,,,,,
316,reserve-rights-token,2019-12-30,0.001541929100464,10515967.387761684,850344.2428607994,35652,,,,,,2,3,1,1
317,revain,2019-12-30,0.0382229980681369,18414623.931420173,651324.4344579221,7256,282,5.153846153846151,,,14,13,7,,
318,solana,2019-12-30,,,,,,,,,,,,,
319,spacechain-erc-20,2019-12-30,0.0026601786322267,1571165.400396913,188017.78128105728,4650,96,4.692307692307691,,,14,19,9,1,1
320,status,2019-12-30,0.0091566719948467,32465329.161189385,28873506.55691158,110439,5624,1846.3076923076896,,,723,2816,182,3356,169
321,streamr-datacoin,2019-12-30,0.0156064567515897,10958834.16105723,893830.3246863025,23423,3006,141.923076923077,0.917,0.1669999999999999,,,,,
322,sushi,2019-12-30,,,,,,,,,,,,,
323,tenx,2019-12-30,0.037859250222189,4429785.635494651,1553461.212477396,132734,13064,3896.46153846154,4.333,0.25,,,,,
324,the-abyss,2019-12-30,0.008160829163386,1959887.70942078,126140.16877788072,16452,1329,9.76923076923077,,,44,92,25,,
325,theta-token,2019-12-30,0.0948286858704029,94595863.90923811,2085858.800966921,,4017,1808.3076923076896,,,18,73,15,59,7
326,thorchain,2019-12-30,0.0975852624645041,12078043.134456549,181777.7286212609,6991,1526,7.076923076923079,,,8,32,15,31,3
327,tomochain,2019-12-30,0.4313842298172713,29892420.311774105,12245638.189475415,20331,1439,36.9230769230769,,,12,27,10,522,15
328,troy,2019-12-30,0.0056323804913668,6695095.833564944,1803192.655424208,6701,,,,,,,,,
329,true-usd,2019-12-30,1.0031575266729158,148826142.44763348,1094071803.3505516,12404,,,,,46,121,19,87,5
330,trust-wallet-token,2019-12-30,,,,,,,,,,,,,
331,turtlecoin,2019-12-30,2.236612467500162e-05,1415243.3758522726,687671.2693518787,4058,2304,89.3846153846154,,,628,571,113,656,69
332,u-network,2019-12-30,0.0003843751966807,2675098.8802239443,104847.97557848996,10644,495,11.1538461538462,,,24,189,27,26,5
333,ultra,2019-12-30,0.0543796592731092,6988817.117250438,44193.855485588254,4243,39,2.76923076923077,,,,,,,
334,uma,2019-12-30,,,,,,,,,,,,,
335,unibright,2019-12-30,0.0204967194201419,2838223.9042571764,80117.54231945662,5722,517,12.0,0.25,0.083,,,,,
336,unifi,2019-12-30,,,,,,,,,,,,,
337,unilayer,2019-12-30,,,,,,,,,,,,,
338,uquid-coin,2019-12-30,0.117413863903241,1109019.487486984,2194223.546529425,158,29,5.153846153846151,,,,,,,
339,vechain,2019-12-30,0.0054749218929112,342423100.40857714,159353365.42484528,118065,60058,1716.0,95.417,1.083,144,392,74,221,13
340,verasity,2019-12-30,,,,,,,,,,,,,
341,verge,2019-12-30,0.0033976160310045,54290617.62402527,791969.8539652262,298584,52156,892.166666666667,0.364,0.182,380,1292,293,252,62
342,vethor-token,2019-12-30,0.0005374490550444,10327034.360043038,2397960.989385335,118050,60058,1708.15384615385,95.5,1.083,144,392,74,221,13
343,vexanium,2019-12-30,0.0026088673078034,1823859.385997,89099.03575583117,4655,,,,,,,,,
344,vitae,2019-12-30,0.6605904152104503,12358559.56544502,16869.020335988193,3297,92,8.0,,,15,15,7,26,6
345,waves,2019-12-30,0.8284099514820742,82232816.9908225,39974051.92241964,141350,56854,683.692307692308,,0.083,350,1013,203,2355,49
346,wink,2019-12-30,9.181727853236664e-05,19086650.484487128,3478617.708865353,22018,1549,10.5384615384615,0.083,,,,,,
347,wownero,2019-12-30,0.0026899790548785,75847.12639475867,3304.6756221552137,855,269,2.84615384615385,,,21,38,18,186,11
348,wrapped-nxm,2019-12-30,,,,,,,,,,,,,
349,xmax,2019-12-30,0.0010772956237885,28896684.537178405,1635310.3466661586,3144,6110,6.846153846153849,,,,,,,
350,yearn-finance,2019-12-30,,,,,,,,,,,,,
351,yflink,2019-12-30,,,,,,,,,,,,,
352,zap,2019-12-30,0.0052160639291497,887182.8126820147,37894.891688837,94,,,,,,,,,
353,zencash,2019-12-30,8.51069122622706,69252297.99984148,1467917.009526999,47264,3614,686.076923076923,6.582999999999999,4.167,46,76,32,170,23
354,adshares,2020-01-06,0.0383466176452773,1337223.892334462,7404.997820342924,3006,343,17.3846153846154,,,4,12,8,637,6
355,airbloc-protocol,2020-01-06,0.0060517771844038,1530817.691631436,5156400.694698436,1452,127,6.846153846153849,,,7,13,3,13,3
356,aleph,2020-01-06,,,,,,,,,,,,,
357,algorand,2020-01-06,0.2605041121974197,143617849.47656816,68095859.34664778,13919,735,5.6153846153846105,0.083,,97,252,30,439,25
358,anj,2020-01-06,,,,,,,,,,,,,
359,ankr,2020-01-06,0.0014305776886832,5736898.191536916,1466944.170168539,,,,,,4,10,13,271,15
360,ark,2020-01-06,0.1559134979176299,22313897.18697782,722340.989654316,62663,21644,2758.46153846154,4.667,0.3329999999999999,170,243,35,2390,42
361,augur,2020-01-06,14.934283719135792,165076395.44869694,36416322.28646489,128794,10096,265.61538461538504,1.3330000000000002,0.25,135,558,99,561,22
362,autonio,2020-01-06,0.0019022023676607,171080.94984453937,13.722008353406194,4141,,,,,,,,,
363,babb,2020-01-06,0.0003258598019807,10718400.666097729,294856.91774179647,11162,1546,15.0,1.917,0.1669999999999999,,,,,
364,bancor,2020-01-06,0.2243022863674714,16102412.128027722,17336210.119292036,757,5057,86.69230769230771,0.1669999999999999,0.1669999999999999,227,573,67,228,13
365,bibox-token,2020-01-06,0.1035892103246312,11885548.267149208,2580325.222624077,22907,1325,38.1538461538462,0.1669999999999999,,3,20,9,,
366,binancecoin,2020-01-06,18.06731694374428,2784697147.554341,324691292.3556272,1087941,58516,203.769230769231,4.417,1.4169999999999998,1629,2572,387,24,17
367,bitcoin,2020-01-06,8902.568995225329,161848747742.1508,41671910798.34088,68450,1252271,4767.69230769231,340.167,6.917000000000001,24961,41947,3505,7118,629
368,bitcoin-diamond,2020-01-06,0.7037093242213667,131086633.73557538,11734696.266707445,24172,,,,,56,95,31,44,10
369,bitcoin-gold,2020-01-06,12.568929828398604,219232885.64138952,57854729.2029594,74749,,,,,315,557,148,96,26
370,bittorrent-2,2020-01-06,0.0003773349943617,79801664.02596821,71995071.78262894,94329,3387,15.2307692307692,,,,,,,
371,blockstack,2020-01-06,0.1016479639137918,51905870.20636746,291264.0309911889,35132,,,,,210,1875,187,108,20
372,blox,2020-01-06,0.0061388396494863,4144394.963236522,262934.8198213369,19330,296,21.307692307692303,,,,3,2,,
373,btse-token,2020-01-06,,,,,,,,,,,,,
374,cache-gold,2020-01-06,,,,,,,,,,,,,
375,cap,2020-01-06,,,,,,,,,,,,,
376,cardano,2020-01-06,0.0443501818249508,1387851754.2258596,170585164.39829364,155113,76143,758.0769230769231,59.917,2.25,585,3356,415,1698,80
377,cartesi,2020-01-06,,,,,,,,,,,,,
378,cashbet-coin,2020-01-06,0.0124845116212871,2597729.589195106,5945.028326550239,1351,,,,,,,,,
379,celsius-degree-token,2020-01-06,0.1301117735794972,39787665.04573485,92103.55052200131,27530,3651,38.384615384615394,0.917,0.083,,,,,
380,chiliz,2020-01-06,0.0074107726718337,32235019.971167102,2124278.121435802,16481,,,,,,,,,
381,chronobank,2020-01-06,1.2061429961797374,858650.900606047,32541.12390353939,16025,3280,15.2307692307692,,,,,,,
382,circuits-of-value,2020-01-06,0.000267352100541,267352.100541045,210.1787673387843,9977,3,1884.6,,,,,1,,
383,civic,2020-01-06,0.0211502720877074,14147733.828022836,5146455.431057823,86955,8107,2567.3076923076896,,,,,,,
384,coinvest,2020-01-06,,,,,,,,,,,,,
385,compound-wrapped-btc,2020-01-06,,,,,,,,,,,,,
386,constellation-labs,2020-01-06,0.0106433804682116,13640323.750478145,599874.3891400456,17208,717,9.0,0.3329999999999999,0.083,22,56,24,378,12
387,cream-2,2020-01-06,,,,,,,,,,,,,
388,crypterium,2020-01-06,0.4273275148956044,37168262.45881315,80021.51354139959,20169,,,,,,,,,
389,crypto-com-chain,2020-01-06,0.0468979128604506,612739093.9653543,19093598.150217883,96640,4760,69.0,25.167,1.5,,,,,
390,cvcoin,2020-01-06,0.0334689031573321,496149.4781111712,88923.6865892733,5932,77,3.4615384615384603,,,,,,,
391,dacc,2020-01-06,9.90061460567538e-06,121698.26220887624,120384.6402175086,16254,,,,,,,,,
392,daex,2020-01-06,0.003030813929247,1069458.5590413308,969526.4296730994,8176,5818,6.923076923076921,,,,,,,
393,dash,2020-01-06,113.72524267879758,1055153247.7926615,1606770829.7425857,315753,33569,530.076923076923,19.167,2.25,1033,1230,217,2413,72
394,degenerator,2020-01-06,,,,,,,,,,,,,
395,dent,2020-01-06,0.0001770356922349,13935145.704959078,229661.9024086533,45805,708,9.30769230769231,,,,,,,
396,dero,2020-01-06,0.3822968738029665,3493991.561421248,700930.8337110583,4078,817,12.2307692307692,,,14,36,14,,
397,digitex-futures-exchange,2020-01-06,0.0381448568626499,32571349.78929775,1070493.7576788398,65368,1872,21.461538461538503,,,,,,,
398,dos-network,2020-01-06,0.0029918136109716,395634.8232582191,105720.5709898507,4918,5049,5.76923076923077,,,,,,,
399,duckdaodime,2020-01-06,,,,,,,,,,,,,
400,dxdao,2020-01-06,,,,,,,,,,,,,
401,egretia,2020-01-06,0.0015509464949264,6078479.45728759,3021318.155428384,40858,1055,14.1538461538462,,,,1,1,,
402,elrond-erd-2,2020-01-06,,,,,,,,,,,,,
403,elysia,2020-01-06,,,,,,,,,,,,,
404,elysian,2020-01-06,0.0007356021060974,84616.80852429244,1334861.7247209605,3119,,,,,7,4,5,,
405,emercoin,2020-01-06,0.0792710135136806,3576126.84659036,9899.646701793552,3444,2182,70.76923076923079,,,36,104,34,30,14
406,enigma,2020-01-06,0.4201420236393567,33422343.17887299,1730184.426534626,61276,3572,148.615384615385,2.333,0.1669999999999999,,,,,
407,eosforce,2020-01-06,0.0028051399391781,783033.057010965,107510.44834228708,2295,,,,,29,93,9,27,3
408,ergo,2020-01-06,0.5039559674361417,398008.1436375388,113299.803386037,1808,,,,,34,84,19,508,20
409,essentia,2020-01-06,0.0004587227772168,392727.39163542975,38927.74738738917,13211,6556,11.6153846153846,,,,,,,
410,ethart,2020-01-06,,,,,,,,,,,,,
411,ether-1,2020-01-06,0.0061272264411491,254650.80355554665,33882.31264770236,2260,137,12.6923076923077,,,17,19,8,12,4
412,ethereum,2020-01-06,171.15621787671842,18727969032.79025,15915322019.782469,449358,449779,1046.23076923077,36.667,3.5,9159,25263,2010,2801,408
413,ethereum-classic,2020-01-06,9.653579958515293,1172034288.0967088,5431146358.790093,229144,25045,496.0,6.082999999999999,2.167,,,,,
414,ethos,2020-01-06,0.0277397716150639,3904078.817096513,914434.0007474136,9526,4,3.92307692307692,,,,,,,
415,evedo,2020-01-06,0.0093451906970023,101626.7985855802,249513.9246205661,362,,,,,,,,,
416,experience-chain,2020-01-06,7.931753271901504e-06,887223.8704675202,18985.846705630443,2265,183,4.6153846153846105,,,,,,,
417,fantom,2020-01-06,0.0099981977136712,21076433.852768727,4020301.72531913,20633,2264,55.0769230769231,1.917,0.5,28,56,16,302,18
418,fedoracoin,2020-01-06,1.1833608439522909e-06,627869.5346999135,6175.9908780059895,378,1372,7.0,,,19,12,15,4,4
419,ferrum-network,2020-01-06,0.0108613845785467,1308627.8664834115,337086.8011133207,6687,837,7.153846153846151,5.332999999999999,0.3329999999999999,,,,,
420,fetch-ai,2020-01-06,0.0421914490165442,14365480.169706715,7563094.548089735,16383,341,9.846153846153848,0.25,0.083,,,,,
421,filecoin,2020-01-06,,,,,,,,,,,,,
422,force-protocol,2020-01-06,0.0211482697864938,5289888.49217545,1396572.4323468418,1401,,,,,,,,,
423,ftx-token,2020-01-06,2.3809154151512693,68894599.03441723,10011514.917244436,5825,,,,,,,,,
424,funfair,2020-01-06,0.0029566441345741,18134549.536063544,1286787.6893515843,35206,17129,1760.84615384615,0.083,0.083,,,,,
425,gambit,2020-01-06,,,,,,,,,,,,,
426,gemini-dollar,2020-01-06,0.9974788453758208,4118507.816651121,76053163.28168885,183,,,,,18,41,11,,
427,ghost-by-mcafee,2020-01-06,,,,,,,,,,,,,
428,gnosis,2020-01-06,13.25820632812674,14698303.242713084,141891.65910859135,71522,2156,2220.23076923077,,,20,61,10,111,9
429,golem,2020-01-06,0.0334703815900614,33019350.63317212,4907215.599979743,148343,20255,170.69230769230802,12.167,0.25,306,2848,266,2515,49
430,gulden,2020-01-06,0.0104039874872173,5119694.664410505,7857.855136861559,9462,933,75.0769230769231,,,,,,,
431,hakka-finance,2020-01-06,,,,,,,,,,,,,
432,happycoin,2020-01-06,,,,,,,,,,,,,
433,harmony,2020-01-06,0.0051364936391847,20288231.15819413,11003075.277242634,71322,,,,,81,255,37,1381,33
434,havven,2020-01-06,0.9943191986529264,89986057.1580188,2408918.385060214,14825,624,15.3076923076923,0.083,0.083,40,115,29,294,15
435,hedera-hashgraph,2020-01-06,0.0115328956061346,23244372.420624625,1837483.3512372305,35081,6128,10.6923076923077,3.083,0.417,,,,,
436,helium,2020-01-06,,,,,,,,,,,,,
437,herocoin,2020-01-06,0.0015617620382599,232822.02785152063,4935.3364287274735,3620,4305,14.923076923076902,,,20,30,10,,
438,hive,2020-01-06,,,,,,,,,,,,,
439,howdoo,2020-01-06,0.0049084037987807,1329216.489826042,86991.23326411178,10833,840,11.6153846153846,,,2,,1,,
440,hxro,2020-01-06,0.0554539079026472,4643791.068042165,20859.858960117926,9555,,,,,,,,,
441,iexec-rlc,2020-01-06,0.5514998522022957,38826502.69340009,1820053.7452782665,27680,3526,82.0,,,18,384,40,44,5
442,ignis,2020-01-06,0.0275936067478094,20953004.51623363,2363010.2341358904,24718,9224,2397.23076923077,,0.083,,,,,
443,iotex,2020-01-06,0.0042977822106857,18600163.873781007,2710415.0226640883,22191,1790,1211.3846153846198,0.3329999999999999,0.1669999999999999,,,,,
444,iqeon,2020-01-06,0.6288576670776486,3211284.219446802,3255.321323790689,2913,348,8.69230769230769,,,,,,,
445,jarvis-reward-token,2020-01-06,0.0068423662944502,250175.2630776764,3389.1792666702936,,,,,,,,,,
446,kambria,2020-01-06,0.0009799210098061,1077735.4152081814,70405.0809427627,12055,,,,,,1,1,,
447,kardiachain,2020-01-06,,,,,,,,,,,,,
448,kryll,2020-01-06,0.0566880456857608,767283.8915041675,3769.060606468944,7064,196,6.846153846153849,,,1,3,2,,
449,lamden,2020-01-06,0.0196685413113714,3033473.66155904,23448.30201093484,10167,2039,15.3076923076923,,,,,,,
450,libra-credit,2020-01-06,0.0217297196753549,14111065.690449923,857868.1992228255,15626,9237,8.615384615384611,,,1,2,10,4,2
451,livepeer,2020-01-06,1.8843389626997584,12270519.218861232,41692.73688130143,4215,403,4.23076923076923,,,40,85,14,153,27
452,lobstex-coin,2020-01-06,0.0217158606789252,396283.8157434485,11813.005453646008,1963,20,6.076923076923079,,,10,8,5,8,2
453,loopring,2020-01-06,0.0251316067483339,24258577.868349224,2800161.6835085102,33911,6841,2646.0833333333303,0.455,0.364,32,65,27,621,19
454,lympo,2020-01-06,0.0030392072758785,2339362.305104871,22300.25540349952,8045,,,,,,,,,
455,math,2020-01-06,,,,,,,,,,,,,
456,matic-network,2020-01-06,0.0187303478878189,47628917.29238809,72347444.68897879,28689,1424,60.0,0.917,0.417,26,66,22,96,10
457,matryx,2020-01-06,0.0184228605504988,425511.31453688384,128170.6424658914,1765,130,10.3076923076923,,,,3,6,,
458,measurable-data-token,2020-01-06,0.0078895914451794,4498050.995665818,8708731.582243048,5070,49,10.3846153846154,,,,,,,
459,medibloc,2020-01-06,0.003558734248748,10592849.134028977,256010.3330893273,8188,1078,806.230769230769,,,10,7,5,,
460,melon,2020-01-06,4.131167766676737,3612511.789614648,1264074.3212972917,16472,1450,2365.53846153846,,,,,,,
461,merculet,2020-01-06,0.0001094703617506,529492.6595064186,34411.60015776772,32352,631,10.1538461538462,,,,4,3,,
462,monacoin,2020-01-06,1.2952734290950338,95159116.42306642,26813734.6816929,1976,2656,1840.53846153846,0.25,0.083,86,291,83,13,12
463,multivac,2020-01-06,0.0003781874785918,898273.9983150116,98654.95827721454,8849,,,,,,,,,
464,nexo,2020-01-06,0.1068183086382288,60025832.02832004,11240502.777679438,47664,3081,118.153846153846,4.917,0.3329999999999999,24,33,15,,
465,nkn,2020-01-06,0.0179289338006612,11701405.192073677,1239018.8055108455,12125,1000,31.2307692307692,,,23,55,10,65,6
466,noia-network,2020-01-06,0.0038182231528886,524466.1636107672,23229.55111278028,12341,3289,10.3076923076923,,,,,,,
467,numeraire,2020-01-06,6.097906395023104,27348497.58249737,89544.63333806893,17334,1616,14.2307692307692,,,55,294,51,24,5
468,nyzo,2020-01-06,0.2859577646090432,3134876.518611989,569378.6029457975,1374,1735,4.23076923076923,,,,,,,
469,ocean-protocol,2020-01-06,0.039612300177361,13824952.054471888,11570308.641451923,16152,600,15.0,,,13,149,26,8,5
470,oceanex-token,2020-01-06,0.0019487850716567,7867277.610735942,2186815.036236761,20516,,,,,,,,,
471,odyssey,2020-01-06,0.0004580067396714,4610793.782047406,815451.1164734892,79647,,,,,,,,,
472,offshift,2020-01-06,,,,,,,,,,,,,
473,oin-finance,2020-01-06,,,,,,,,,,,,,
474,okb,2020-01-06,3.0597481745477166,878179489.0608183,139390314.99302202,,,,,,,,,,
475,omisego,2020-01-06,0.882875910830732,124073277.51628526,99794925.86531968,283658,42811,180.0,23.083,0.3329999999999999,,,,,
476,openanx,2020-01-06,0.0506172946535734,2627707.5520835505,291616.2232558225,12082,,,,,17,30,19,1,1
477,origintrail,2020-01-06,0.0151326446528491,4392904.366368552,49717.1034237529,14516,6811,20.7692307692308,,,20,89,25,977,20
478,parachute,2020-01-06,0.0003833422874382,172576.37612937452,1441.9276286661234,1670,960,10.0,,,,,,,
479,pibble,2020-01-06,9.494659014701023e-05,724944.8775095141,547.3381039211512,7222,24,2.84615384615385,,,,,,,
480,pirate-chain,2020-01-06,0.0399918144410056,5681453.279668579,963349.8717878785,4150,360,23.615384615384603,,,3,2,,2,2
481,pluton,2020-01-06,1.4555385640936338,1242948.97573896,2941.6757327922564,1,39,2.84615384615385,,,,,,,
482,polkadot,2020-01-06,,,,,,,,,,,,,
483,presearch,2020-01-06,0.012616062413129,1215517.1798628862,36654.13027305694,43,362,3.69230769230769,0.083,,2,14,10,,
484,propy,2020-01-06,0.073802722851004,4131116.595951915,104616.38454570126,12161,,,,,,,,,
485,proximax,2020-01-06,0.0012256040470592,7966334.625298761,509696.3367061129,2806,17,2.76923076923077,,,,,3,1,1
486,pumapay,2020-01-06,0.000189407983076,4507835.372817543,324.1472939644828,7495,294,9.61538461538461,,,2,6,3,2,2
487,qlink,2020-01-06,0.0123631569907966,2953148.786798304,230954.2077895169,24544,5690,84.1538461538462,,,10,33,12,214,6
488,quadrant-protocol,2020-01-06,0.0004574927794861,224346.8510214722,467885.458130614,3190,265,4.92307692307692,,,,,,,
489,quant-network,2020-01-06,3.5196860733838435,35180721.508282565,1046513.2753885168,11308,2108,21.846153846153804,0.667,,,,,,
490,radium,2020-01-06,0.5268396379276541,2074956.3247158632,636.0510704571258,24824,50,5.846153846153849,,,3,6,6,3,1
491,render-token,2020-01-06,,,,,,,,,,,,,
492,republic-protocol,2020-01-06,0.0451044484695204,38318180.12132587,3075379.697434624,10537,870,2005.38461538462,,,2,5,9,2,1
493,reserve,2020-01-06,,,,,,,,,,,,,
494,reserve-rights-token,2020-01-06,0.0017857975107397,12183438.33946634,997889.3415584788,36322,,,,,,2,3,1,1
495,revain,2020-01-06,0.0385376155445661,18750448.41874045,1345194.1657126644,7350,281,5.3846153846153895,,,14,13,7,,
496,solana,2020-01-06,,,,,,,,,,,,,
497,spacechain-erc-20,2020-01-06,0.0028674105912216,1720446.3547193038,239462.2642530693,4647,96,2.69230769230769,,,14,19,9,1,1
498,status,2020-01-06,0.0105689644508472,37888033.249573305,25059555.54227123,110433,5615,1387.76923076923,0.25,0.083,725,2821,181,3381,171
499,streamr-datacoin,2020-01-06,0.0157217551011109,11001611.338249454,616650.9956939112,23516,3015,96.07692307692308,0.083,,,,,,
500,sushi,2020-01-06,,,,,,,,,,,,,
501,swissborg,2020-01-06,0.0217281906902285,14872074.983074317,132492.65673966968,12265,2582,25.0,0.25,0.1669999999999999,23,119,90,,
502,tenx,2020-01-06,0.0414078352056485,4901482.259342939,339507.6566318301,132689,13064,3379.46153846154,4.667,0.1669999999999999,,,,,
503,the-abyss,2020-01-06,0.0090629159149977,2154670.852894915,214081.0876810857,16448,1330,17.1538461538462,,,45,92,25,,
504,theta-token,2020-01-06,0.1087190663783273,108804217.8633321,3704026.7096961695,,4019,2126.8461538461497,,,18,73,15,59,7
505,thorchain,2020-01-06,0.09423785217983,11984209.766999615,582497.9273851225,7108,1532,6.692307692307691,,,8,32,15,31,3
506,tomochain,2020-01-06,0.4797662902386908,33391684.63158764,45540307.30452438,20514,1448,63.3076923076923,0.083,0.1669999999999999,12,27,11,527,15
507,troy,2020-01-06,0.005245182777417,6116980.702703059,1920580.8868380105,7236,,,,,,,,,
508,true-usd,2020-01-06,0.9980205747057008,145380071.15695277,1329693346.0852563,12414,,,,,46,121,19,87,5
509,trust-wallet-token,2020-01-06,,,,,,,,,,,,,
510,turtlecoin,2020-01-06,2.129546084660348e-05,1324528.4721565372,689592.6055030389,4054,2301,20.1538461538462,,,632,575,113,660,69
511,u-network,2020-01-06,0.0004316812883864,3026203.542321288,93177.04844621471,10622,497,29.538461538461497,,,24,189,27,26,5
512,ultra,2020-01-06,0.0417689344003467,5693892.535993426,145633.00737425624,4340,39,2.92307692307692,,,,,,,
513,uma,2020-01-06,,,,,,,,,,,,,
514,unibright,2020-01-06,0.0217799163146367,3061936.9535222324,74231.3515621378,5736,518,36.0,,,,,,,
515,unifi,2020-01-06,,,,,,,,,,,,,
516,unilayer,2020-01-06,,,,,,,,,,,,,
517,uquid-coin,2020-01-06,0.1268779246349526,1248507.5794546409,2403529.927398188,158,29,4.38461538461539,,,,,,,
518,vechain,2020-01-06,0.006209113483059,387794221.6997608,165554009.44152877,118292,60066,349.461538461538,43.25,0.583,145,397,77,223,13
519,verasity,2020-01-06,,,,,,,,,,,,,
520,verge,2020-01-06,0.0039542513350176,63889597.57985278,2956951.8976785964,298317,52120,169.538461538462,0.417,0.1669999999999999,380,1291,293,252,62
521,vethor-token,2020-01-06,0.0006178427084895,12020477.734675435,1419883.6987177576,118236,60066,289.38461538461496,43.167,0.583,145,397,77,223,13
522,vexanium,2020-01-06,0.0028192463654994,1981165.4590323537,56007.49566804498,4665,,,,,,,,,
523,vitae,2020-01-06,0.6401218154015311,12388039.496506363,13786.873746337713,3378,92,8.0,,,15,15,7,26,6
524,waves,2020-01-06,0.8928384632831644,89582254.04832517,68993626.63189575,141357,56852,168.230769230769,0.1669999999999999,0.25,354,1015,202,2365,49
525,wink,2020-01-06,0.0001006439149514,21224331.49245516,4355297.35291534,22345,1551,14.3846153846154,,,,,,,
526,wownero,2020-01-06,0.0025832443036774,74150.39307246855,64.63316174620215,857,269,4.30769230769231,,,21,38,18,186,11
527,wrapped-nxm,2020-01-06,,,,,,,,,,,,,
528,xmax,2020-01-06,0.0011354800962351,30782386.97575896,1561895.5239654323,3143,6109,11.076923076923098,,,,,,,
529,yearn-finance,2020-01-06,,,,,,,,,,,,,
530,yflink,2020-01-06,,,,,,,,,,,,,
531,zap,2020-01-06,0.0092145589345134,1716028.3278623002,67810.20912805454,95,,,,,,,,,
532,zencash,2020-01-06,10.7284997938613,88424671.09745029,2675201.347506574,49860,4787,23.5,2.909,0.818,46,77,32,171,24
533,adshares,2020-01-13,0.0418359098461226,1456919.916740223,7270.361326250058,3009,343,11.583333333333302,,,4,12,8,640,6
534,airbloc-protocol,2020-01-13,0.0055947214724252,1411108.340561029,4270558.262015734,1449,127,5.91666666666667,,,7,13,3,13,3
535,aleph,2020-01-13,,,,,,,,,,,,,
536,algorand,2020-01-13,0.2319959563464199,131971952.86488678,53528950.66747796,14064,751,7.33333333333333,,,100,257,30,450,25
537,anj,2020-01-13,,,,,,,,,,,,,
538,ankr,2020-01-13,0.0012326938272464,4927517.149946965,873179.8865273072,,,,,,4,10,13,271,15
539,ark,2020-01-13,0.173873195242287,24775411.80987633,862647.0589502844,62809,21643,1794.41666666667,5.727,0.273,168,243,34,2404,42
540,augur,2020-01-13,14.92937521119202,163084083.80281138,40618434.03131329,129034,10105,250.333333333333,0.636,0.273,135,557,99,561,22
541,autonio,2020-01-13,,,,,,,,,,,,,
542,babb,2020-01-13,0.0002921524046172,9515802.89400052,226960.8781002556,11178,1546,11.583333333333302,,,,,,,
543,bancor,2020-01-13,0.2133458846738907,14877061.27601469,8985752.838728668,755,5053,166.0,,0.091,229,573,66,230,13
544,bibox-token,2020-01-13,0.117583790564769,13439335.16241938,2491766.8442478143,22951,1326,21.25,0.091,,3,20,9,,
545,binancecoin,2020-01-13,17.025802918717087,2614002412.698689,225882782.2123961,1098305,58652,289.33333333333303,8.273,1.455,1636,2575,390,24,17
546,bitcoin,2020-01-13,8432.096675789418,153294353936.51035,30691734305.12868,68545,1260098,7280.16666666667,260.636,6.091,24999,42005,3503,7133,630
547,bitcoin-diamond,2020-01-13,0.5484867931477012,103102196.87164491,4875671.6159681855,25273,,,,,56,95,31,44,10
548,bitcoin-gold,2020-01-13,9.967457775690509,174521627.10962337,34439108.76994085,74777,,,,,315,557,148,96,26
549,bittorrent-2,2020-01-13,0.0003466346863865,73562179.05374601,68166869.65778545,94300,3392,13.6923076923077,,,,,,,
550,blockstack,2020-01-13,0.0968886144569478,49283596.01743646,354478.6407858188,35264,,,,,210,1877,187,108,20
551,blox,2020-01-13,0.0059836358819021,4034475.638070957,148676.4597727561,19318,296,17.3333333333333,,,,3,2,,
552,btse-token,2020-01-13,,,,,,,,,,,,,
553,cache-gold,2020-01-13,,,,,,,,,,,,,
554,cap,2020-01-13,,,,,,,,,,,,,
555,cardano,2020-01-13,0.0444529066148971,1382573985.2793734,114891800.48768374,155218,76215,607.0,39.727,2.818,583,3358,414,1700,80
556,cartesi,2020-01-13,,,,,,,,,,,,,
557,cashbet-coin,2020-01-13,0.0113499535334757,2357565.9625396603,5303.711769037463,1347,,,,,,,,,
558,celsius-degree-token,2020-01-13,0.1323357121883512,40470287.062866576,30487.071950582816,27854,3695,12.75,4.8180000000000005,0.545,,,,,
559,chiliz,2020-01-13,0.0069539337093275,30353168.17080249,2798586.525619071,16612,,,,,,,,,
560,chronobank,2020-01-13,1.0217092796688163,725130.1420852889,53539.291735941006,15997,3279,14.75,,,,,,,
561,circuits-of-value,2020-01-13,0.000850029328503,849264.698001382,51.36759979472895,9971,3,1710.58333333333,,,,,1,,
562,civic,2020-01-13,0.0219898986064801,14703331.197886605,4240845.907832739,86922,8104,1575.41666666667,,,,,,,
563,coinvest,2020-01-13,,,,,,,,,,,,,
564,compound-wrapped-btc,2020-01-13,,,,,,,,,,,,,
565,constellation-labs,2020-01-13,0.0103249350708245,13274879.596529344,381424.6405182472,17209,724,7.91666666666667,0.091,,22,56,24,398,12
566,cream-2,2020-01-13,,,,,,,,,,,,,
567,crypterium,2020-01-13,0.4028736262610277,34230105.48657665,125636.2112504808,20450,,,,,,,,,
568,crypto-com-chain,2020-01-13,0.0465570631033147,614630557.4321911,19013049.180028304,99386,4882,116.166666666667,28.909,1.091,,,,,
569,cvcoin,2020-01-13,0.0299152812273423,447981.8725091876,19920.014862118234,5924,76,5.0,,,,,,,
570,dacc,2020-01-13,5.063739706362923e-06,62205.19267397185,51520.23583219692,16231,,,,,,,,,
571,daex,2020-01-13,0.0028005309404585,925636.032658324,483328.3434511639,8160,5818,7.25,,,,,,,
572,dash,2020-01-13,100.55049482674144,934115614.1469678,797100533.7095145,316133,33784,355.166666666667,9.091,1.182,1035,1232,215,2424,72
573,degenerator,2020-01-13,,,,,,,,,,,,,
574,dent,2020-01-13,0.0001694632383468,13298690.104712952,222606.63393742105,45771,710,9.61538461538461,,,,,,,
575,dero,2020-01-13,0.4444589276279701,4110503.2134455214,1330863.2513430598,4111,823,10.5,,,14,36,14,,
576,digitex-futures-exchange,2020-01-13,0.0366858103195405,31284502.920284025,1065761.9041194806,65361,1870,19.6666666666667,,,,,,,
577,dos-network,2020-01-13,0.0030104909641585,396156.2249843779,99871.32391554052,4916,5048,5.58333333333333,,,,,,,
578,duckdaodime,2020-01-13,,,,,,,,,,,,,
579,dxdao,2020-01-13,,,,,,,,,,,,,
580,egretia,2020-01-13,0.001504979893132,5851907.827840266,2580380.3052657945,40838,1057,12.75,,,,1,1,,
581,elrond-erd-2,2020-01-13,,,,,,,,,,,,,
582,elysia,2020-01-13,,,,,,,,,,,,,
583,elysian,2020-01-13,0.001038113225194,119271.02302164384,596326.1482449421,3112,,,,,7,4,5,,
584,emercoin,2020-01-13,0.0777654421105261,3503193.19581639,4437.872306770903,3437,2181,31.076923076923105,,,36,104,34,30,14
585,enigma,2020-01-13,0.377122113554316,29905908.87416578,1574691.1677148773,61248,3583,16.1666666666667,,,,,,,
586,eosforce,2020-01-13,0.0023994727008659,670109.104078652,124706.51277347458,2277,,,,,29,93,9,27,3
587,ergo,2020-01-13,0.4280457044220181,338137.07912456174,85527.67823025258,1807,,,,,34,84,19,510,20
588,essentia,2020-01-13,0.0004297213790679,365246.68073801737,36894.07417758168,13194,6553,12.583333333333302,,,,,,,
589,ethart,2020-01-13,,,,,,,,,,,,,
590,ether-1,2020-01-13,0.0062822457539261,260741.29477497275,14408.313502109651,2272,137,10.6153846153846,,,17,19,8,12,4
591,ethereum,2020-01-13,162.40947975163584,17777723072.283943,11043498594.604164,449609,450204,1005.91666666667,15.727,2.364,9180,25290,2010,2808,408
592,ethereum-classic,2020-01-13,8.613550565266657,1002671984.5371084,2063941791.7454648,229411,25088,394.5,1.273,1.0,,,,,
593,ethos,2020-01-13,0.0266580956669985,3740805.771420072,464472.825861156,9580,4,3.75,,,,,,,
594,evedo,2020-01-13,0.0065832802207541,71556.88228984324,166136.2375872485,364,,,,,,,,,
595,experience-chain,2020-01-13,5.012201671839325e-06,593648.1123860013,11775.05952008714,2597,183,4.83333333333333,,,,,,,
596,fantom,2020-01-13,0.0094520855029096,19949303.782247294,2783275.617746741,20628,2272,26.0,1.0,0.083,28,56,17,308,18
597,fedoracoin,2020-01-13,1.1365748248940992e-06,603606.8022585995,22.70004178960304,379,1373,6.0,,,18,12,15,4,4
598,ferrum-network,2020-01-13,0.0105861706992392,1237189.3121292572,339891.42423205264,6732,845,6.46153846153846,8.5,0.417,,,,,
599,fetch-ai,2020-01-13,0.0389255871999433,13207180.174611192,6813218.371296803,16393,344,11.4615384615385,,0.25,,,,,
600,filecoin,2020-01-13,,,,,,,,,,,,,
601,force-protocol,2020-01-13,0.0279224845800702,6978785.646536925,1133146.1221582764,1398,,,,,,,,,
602,ftx-token,2020-01-13,2.2621954730360003,65135990.14910538,4801147.944376815,5933,,,,,,,,,
603,funfair,2020-01-13,0.0028313174472645,17020933.47509856,146071.42902179892,35169,17123,1755.25,0.909,0.182,,,,,
604,gambit,2020-01-13,,,,,,,,,,,,,
605,gemini-dollar,2020-01-13,1.005929970497633,4118760.18372184,39556236.32461488,185,,,,,19,42,11,,
606,ghost-by-mcafee,2020-01-13,,,,,,,,,,,,,
607,gnosis,2020-01-13,12.441248259828887,13730126.547375323,29857.68442752021,71512,2158,1991.5,,,20,61,10,111,9
608,golem,2020-01-13,0.0371118786062215,36248420.78816609,5763792.80910412,148366,20251,251.583333333333,0.273,,306,2846,265,2528,49
609,gulden,2020-01-13,0.0152728731728115,7697333.595865306,8373.409693616266,9461,934,150.666666666667,,0.091,,,,,
610,hakka-finance,2020-01-13,,,,,,,,,,,,,
611,happycoin,2020-01-13,,,,,,,,,,,,,
612,harmony,2020-01-13,0.0052012181112704,20420684.476872988,9845134.930539476,71158,,,,,83,259,36,1399,33
613,havven,2020-01-13,0.9543502365219948,87036410.59112473,1017217.4759791382,15052,651,16.7692307692308,0.25,0.083,41,117,28,297,15
614,hedera-hashgraph,2020-01-13,0.0110694660682206,23000950.90428397,938020.8092229458,35073,6124,22.25,1.0,0.182,,,,,
615,helium,2020-01-13,,,,,,,,,,,,,
616,herocoin,2020-01-13,0.0017536418326177,261646.5820838952,8091.259735215688,3616,4305,17.9166666666667,,,20,30,10,,
617,hive,2020-01-13,,,,,,,,,,,,,
618,howdoo,2020-01-13,0.0047467619936386,1284885.728511452,87161.33596511872,10834,840,5.5,,,2,,1,,
619,hxro,2020-01-13,0.0550511930137192,4618454.4299223805,8096.324630732731,9538,,,,,,,,,
620,iexec-rlc,2020-01-13,0.5150302030850762,36390686.82990266,643476.2025694015,27645,3527,186.916666666667,0.091,,18,384,40,44,5
621,ignis,2020-01-13,0.0245423495306852,18688811.2920197,1590791.631096647,24698,9222,1705.91666666667,0.091,0.091,,,,,
622,iotex,2020-01-13,0.0039604463872944,17144837.809208587,3701670.439602485,22176,1796,16.4166666666667,0.091,0.091,,,,,
623,iqeon,2020-01-13,0.5887150229140329,3006439.47027508,1078.5625713081774,2932,348,8.91666666666667,,,,,,,
624,jarvis-reward-token,2020-01-13,0.0054736729785,210271.82269185584,4853.275051558952,,,,,,,,,,
625,kambria,2020-01-13,0.0008664691154644,949151.4110902528,35249.40329026061,12040,,,,,,1,1,,
626,kardiachain,2020-01-13,,,,,,,,,,,,,
627,kryll,2020-01-13,0.0522425983937676,705883.1259524706,1784.298469384448,7064,195,5.0,,,1,3,2,,
628,kusama,2020-01-13,1.030552293851806,6703267.7603948265,711694.013909085,2063,,,,,,,,,
629,lamden,2020-01-13,0.027981286580985,4304544.434004722,32922.34866337315,10159,2040,12.833333333333302,,,,,,,
630,libra-credit,2020-01-13,0.0194305105160425,12629169.55520616,450177.0728374455,15628,9238,8.08333333333333,,,1,2,10,4,2
631,livepeer,2020-01-13,2.3574249075341926,15295596.361397613,37706.63765335452,4244,404,7.923076923076921,,,40,85,14,154,27
632,lobstex-coin,2020-01-13,0.0202689757849414,368830.4558841856,826.9523924731766,1957,20,5.08333333333333,,,10,8,5,8,2
633,loopring,2020-01-13,0.024028525877082,26285435.09973683,1601032.9254398444,33907,6828,2015.69230769231,,0.1669999999999999,31,66,27,621,19
634,lympo,2020-01-13,0.0028303390508194,2182288.425508148,14927.992245169897,8039,,,,,,,,,
635,math,2020-01-13,,,,,,,,,,,,,
636,matic-network,2020-01-13,0.0161983272680233,41302367.598349854,14165636.60871185,29079,1437,26.0833333333333,1.455,0.727,26,68,22,96,10
637,matryx,2020-01-13,0.0170173602500847,395345.94690880575,27738.272089005648,1768,130,9.66666666666667,,,,3,6,,
638,measurable-data-token,2020-01-13,0.0070514840920121,4016111.145263056,7577508.739271928,5067,48,12.0,,,,,,,
639,medibloc,2020-01-13,0.0038537346862269,11132586.966627823,193463.0911591012,8175,1079,16.5833333333333,,,10,7,5,,
640,melon,2020-01-13,6.835974156431911,5986021.442611447,398251.6316098096,16489,1451,830.083333333333,0.273,0.091,,,,,
641,merculet,2020-01-13,0.0001015209527761,477593.81221939647,80313.29478238004,32330,631,11.0,,,,4,3,,
642,monacoin,2020-01-13,1.1443459877209103,83235558.95750624,2772850.1544885742,1976,2657,959.416666666667,,,86,289,84,13,12
643,multivac,2020-01-13,0.0004347417922822,1026397.6481015593,77610.37853428481,8841,,,,,,,,,
644,nexo,2020-01-13,0.1008272374085724,56476571.29366841,10557058.452566847,47803,3117,25.5833333333333,1.182,0.182,24,33,15,,
645,nkn,2020-01-13,0.0169146915962238,10985791.990354251,1345604.7838199884,12126,1003,15.0,,,23,55,10,65,6
646,noia-network,2020-01-13,0.0042804702624118,763667.4426055975,52764.202839708174,12377,3288,9.75,,,,,,,
647,numeraire,2020-01-13,5.890850551003228,26391456.48038689,37192.781339278365,17327,1619,14.0,,,55,294,51,24,5
648,nyzo,2020-01-13,0.1812308761256437,2003307.1344774,322117.87732430146,1400,1738,3.38461538461538,,,,,,,
649,ocean-protocol,2020-01-13,0.0348752020181014,12184235.17820852,10431720.089836895,16231,606,5.0,,,13,149,26,8,5
650,oceanex-token,2020-01-13,0.0017484559029452,7084349.902298652,1601315.9311297566,20557,,,,,,,,,
651,odyssey,2020-01-13,0.000423591386282,4204874.491659272,214910.35017998648,79519,,,,,,,,,
652,offshift,2020-01-13,,,,,,,,,,,,,
653,oin-finance,2020-01-13,,,,,,,,,,,,,
654,okb,2020-01-13,2.86787854979984,820830908.0681361,87767303.1938197,,,,,,,,,,
655,omisego,2020-01-13,0.7762224302502291,108774002.09156813,65160627.37649916,283547,42891,259.66666666666697,9.818,0.091,,,,,
656,openanx,2020-01-13,0.046462512806112,2425999.543121354,233581.33043527172,12070,,,,,17,30,19,1,1
657,origintrail,2020-01-13,0.0146279046657664,4237900.454289772,50635.09291556497,14494,6802,24.3333333333333,0.091,0.091,20,89,25,983,20
658,parachute,2020-01-13,0.0003194173248509,143667.97613147163,1535.755062837285,1675,960,10.4615384615385,,,,,,,
659,pibble,2020-01-13,9.415239654110864e-05,717183.7039831965,634.3405491254917,7222,24,2.4166666666666696,,,,,,,
660,pirate-chain,2020-01-13,0.0418036324915315,5935648.016151013,516977.7246761603,4198,364,13.076923076923098,,,2,2,,2,2
661,pluton,2020-01-13,1.4699840104107766,1247186.4535886303,3036.873369931174,1,39,2.6666666666666696,,,,,,,
662,polkadot,2020-01-13,,,,,,,,,,,,,
663,presearch,2020-01-13,0.0118121590974174,1133963.717892188,25152.37758544757,43,366,3.75,,,2,14,10,,
664,propy,2020-01-13,0.0766311281741869,4272120.451969715,76643.97791339076,12171,,,,,,,,,
665,proximax,2020-01-13,0.0011081152978073,7178930.061657473,637184.047018719,2809,18,2.23076923076923,,,,,3,1,1
666,pumapay,2020-01-13,0.0001680333361186,4060213.5039136535,282046.7098024423,7479,294,14.666666666666698,,,2,6,3,2,2
667,qlink,2020-01-13,0.0123199070299263,2955338.8234306825,19660.15216168642,24521,5689,167.833333333333,,,10,33,12,214,6
668,quadrant-protocol,2020-01-13,0.000516501450049,252961.2686592455,482427.286402704,3188,265,6.0,,,,,,,
669,quant-network,2020-01-13,3.1992896125686805,31874362.81653285,1471484.0192531988,11330,2116,24.75,,,,,,,
670,radium,2020-01-13,0.5237818836442905,2099345.132628506,3976.510569757484,24955,50,5.33333333333333,,,3,6,6,3,1
671,render-token,2020-01-13,,,,,,,,,,,,,
672,republic-protocol,2020-01-13,0.0400861640974574,33964735.6807539,1259588.0215895458,10562,871,1253.0,,,,,,,
673,reserve,2020-01-13,,,,,,,,,,,,,
674,reserve-rights-token,2020-01-13,0.0019566298226045,13389734.662739964,929886.0526077448,36561,,,,,,2,3,1,1
675,revain,2020-01-13,0.0343867863479348,16655413.211872792,831317.7018555603,7385,281,4.75,,,14,13,6,,
676,solana,2020-01-13,,,,,,,,,,,,,
677,spacechain-erc-20,2020-01-13,0.0025715201825009,1580284.7576223968,217747.4384408256,4647,96,4.846153846153849,,,14,19,9,1,1
678,status,2020-01-13,0.0104068802047436,37014432.74817751,25714152.110157624,110416,5617,1187.91666666667,,,726,2825,180,3414,172
679,streamr-datacoin,2020-01-13,0.0148826499179225,10342675.36725549,390690.00546580617,23526,3022,194.25,0.273,0.182,,,,,
680,sushi,2020-01-13,,,,,,,,,,,,,
681,swissborg,2020-01-13,0.0267366683781703,18224990.67913285,106037.93066116003,12336,2597,22.4166666666667,1.909,0.545,23,119,90,,
682,tenx,2020-01-13,0.0385352228262575,4556787.089186356,1768251.088532047,132606,13074,2494.5,,,,,,,
683,the-abyss,2020-01-13,0.0081897049699364,1960358.9159575545,171240.43903104472,16436,1328,13.0,,,45,92,25,,
684,theta-token,2020-01-13,0.10473065260086,104526960.8981183,3568878.6317070187,,4021,1648.41666666667,,,19,74,15,59,7
685,thorchain,2020-01-13,0.0998261214021383,13125013.805289095,651795.115749472,7133,1535,8.153846153846152,0.1669999999999999,0.083,8,32,15,31,3
686,tomochain,2020-01-13,0.4468046100131701,31031831.063448787,32007477.99040761,20615,1454,30.8333333333333,,0.091,12,27,11,531,15
687,troy,2020-01-13,0.004765465959544,5550400.2852933,714944.5003220607,7898,,,,,,,,,
688,true-usd,2020-01-13,1.0012448375931955,139386643.65409422,910201252.8794248,12394,,,,,46,121,19,87,5
689,trust-wallet-token,2020-01-13,,,,,,,,,,,,,
690,turtlecoin,2020-01-13,1.9862134563803223e-05,1270844.3780895844,565351.0847049417,4062,2305,16.75,0.091,,636,577,114,664,69
691,u-network,2020-01-13,0.0004131633699809,2886787.1205757456,47271.00222504231,10590,496,10.25,,,25,189,27,26,5
692,ultra,2020-01-13,0.0389608540541238,5321430.209398226,223237.2685264312,4423,42,3.9166666666666696,,,,,,,
693,uma,2020-01-13,,,,,,,,,,,,,
694,unibright,2020-01-13,0.0323385996342856,4449547.220606999,310116.8501745341,5838,537,21.25,0.182,0.182,,,,,
695,unifi,2020-01-13,,,,,,,,,,,,,
696,unilayer,2020-01-13,,,,,,,,,,,,,
697,uquid-coin,2020-01-13,0.3004814380837745,3005820.518780636,4430934.713593521,158,31,4.75,0.091,,,,,,
698,vechain,2020-01-13,0.005574375827267,351158371.2072476,122254821.89039172,118349,60069,331.66666666666697,36.182,0.455,145,397,76,226,13
699,verasity,2020-01-13,,,,,,,,,,,,,
700,verge,2020-01-13,0.0035719007828394,57492703.45039344,592375.1042150828,298132,52096,256.16666666666697,,,381,1290,293,254,62
701,vethor-token,2020-01-13,0.0005437520009764,10695327.688836236,860490.4354421446,118342,60069,322.75,36.182,0.455,145,397,76,226,13
702,vexanium,2020-01-13,0.0026816318421998,1884436.12325986,48451.52873468566,4684,,,,,,,,,
703,vitae,2020-01-13,0.6437287093288415,12055781.098390523,8635.098750488578,3402,92,10.1666666666667,,,15,15,7,26,6
704,waves,2020-01-13,0.8557264576674227,85517477.34278461,66497110.94971176,141369,56858,242.416666666667,,0.182,354,1017,202,2384,49
705,wink,2020-01-13,0.0001020971522363,21407119.38881928,4405092.602363908,22487,1556,11.7692307692308,0.5,0.083,,,,,
706,wownero,2020-01-13,0.0022766018599809,66081.60463314809,88.96209633377536,861,269,3.0,,,21,38,18,186,11
707,wrapped-nxm,2020-01-13,,,,,,,,,,,,,
708,xmax,2020-01-13,0.0009917159970918,26785499.85998912,1266234.3156492622,3141,6109,8.91666666666667,,,,,,,
709,yearn-finance,2020-01-13,,,,,,,,,,,,,
710,yflink,2020-01-13,,,,,,,,,,,,,
711,zap,2020-01-13,0.0058852501234921,1152657.4112592766,34107.76950165828,96,,,,,,,,,
712,zencash,2020-01-13,10.129646224661752,83266623.23355731,1665269.4767084494,51975,4961,11.166666666666698,0.909,0.273,47,80,33,171,24
